{"accuracy": [0.597823441028595, 0.8590511679649353, 0.9127249717712402, 0.9393840432167053, 0.9537947177886963, 0.9643502235412598, 0.97134929895401, 0.9748203754425049, 0.978888988494873, 0.980766773223877], "loss": [1.359000563621521, 0.44484955072402954, 0.2681652307510376, 0.18289217352867126, 0.14056304097175598, 0.11053615808486938, 0.08883967995643616, 0.07733507454395294, 0.06440234929323196, 0.0585976168513298], "val_accuracy": [0.8334850668907166, 0.9045640826225281, 0.9301729798316956, 0.9327908158302307, 0.9580582976341248, 0.9417823553085327, 0.9576029777526855, 0.9609606266021729, 0.9408718347549438, 0.9541884660720825], "val_loss": [0.5105295777320862, 0.292695015668869, 0.22019058465957642, 0.21653468906879425, 0.13526055216789246, 0.18237240612506866, 0.138097882270813, 0.12698620557785034, 0.21834415197372437, 0.1638183295726776]}